{
  "scoring": [
    {
      "required_pretests": [],
      "required_tests": [1],
      "outcome": 1,
      "points": 0
    },
    {
      "required_pretests": [],
      "required_tests": [2, 3, 4],
      "outcome": 1,
      "points": 30
    },
    {
      "required_pretests": [],
      "required_tests": [5, 6, 7, 8],
      "outcome": 1,
      "points": 40
    },
    {
      "required_pretests": [],
      "required_tests": [9, 10],
      "outcome": 1,
      "points": 20
    },
    {
      "required_pretests": [],
      "required_tests": [11],
      "outcome": 1,
      "points": 10
    }
  ]
}
